roll,pitch,yaw
4.241646714456317e-05,-1.7561845676693112e-05,-0.013444781157409746
4.241646714456317e-05,-1.7561845676693112e-05,-0.013444781157409746
4.876484036095112e-05,2.4865647949266697e-06,-0.013450953555611477
5.547457314406487e-05,1.0302965849036784e-05,-0.013451988639161715
5.4234481073454255e-05,2.6301798334250908e-05,-0.013463904668260088
5.1996915845912564e-05,3.785625583270107e-05,-0.013467877525142129
4.466741717634396e-05,5.762379090579815e-05,-0.013471871038132103
3.7808131229123266e-05,7.820039158796631e-05,-0.013471024047964159
2.5920874903436627e-05,0.00010348008713907968,-0.013475472051193158
3.269936497635302e-05,0.00012107562504171415,-0.013483337821146007
3.4637422712141244e-05,0.00012834534392506205,-0.01348953050186112
3.230282402375001e-05,0.00012749596751911255,-0.013489138253506967
3.208142345227455e-05,0.00013067326593758534,-0.013486914996298921
2.653338719840765e-05,0.00011835201030659672,-0.013491711017329686
2.7368104449590276e-05,0.00012016237377167074,-0.01349336481730606
2.244322404639944e-05,0.00011464477468033756,-0.013496991272553539
1.468428730536415e-05,0.00010453915194250825,-0.013506223860503893
1.468428730536415e-05,0.00010453915194250825,-0.013506223860503893
-1.2069443375858003e-05,0.00011055158593558722,-0.01351955506932366
-3.5418361653835485e-05,0.00010995969809128962,-0.013521298566675872
-3.310712067106178e-05,9.497617456953994e-05,-0.013525015620994426
-3.576248385725588e-05,8.739532601534685e-05,-0.013524478439036099
-3.065263007924943e-05,5.94893077903307e-05,-0.013534222568116828
-4.1734350584933775e-05,6.394466885722485e-05,-0.013531603471142184
-3.6302540293194176e-05,6.258892566227227e-05,-0.013541098435806784
-3.615574234643121e-05,6.354572627952807e-05,-0.013533420636696556
-2.7652001251392353e-05,6.009116288671215e-05,-0.01353379455890178
-2.2533095704315006e-05,5.266467010376127e-05,-0.013535121256410624
-1.6253141672814036e-05,4.2083635647249094e-05,-0.013535905726482542
-1.048603580936187e-05,2.2551905985560883e-05,-0.013541353810817745
1.0666937951628774e-06,2.8697682136784135e-06,-0.013556712078582903
9.623757603068656e-06,-2.3271565211525493e-05,-0.013555836316938408
5.9432564622087176e-06,-3.747570573449676e-05,-0.0135543135829187
4.803202148389629e-06,-5.524444116987213e-05,-0.01355072442997508
2.907209576676065e-06,-6.727189575902102e-05,-0.013562251600397479
6.08637216204174e-06,-7.631676274194077e-05,-0.013557805724003868
4.743133645403001e-06,-8.441309693552328e-05,-0.013558039753915514
8.69786822889528e-06,-9.425643055456108e-05,-0.013563361729829988
4.614505276067668e-06,-9.440590848751402e-05,-0.01356834711393983
7.258499929724469e-06,-0.0001089833530332394,-0.013573065926751041
1.867771884237882e-05,-0.00012636518688410338,-0.013581117128058878
3.0924380960318634e-05,-0.00013458645022350568,-0.013584202582791024
3.771594548277835e-05,-0.00014219631939689682,-0.013583523937905123
6.216341526196477e-05,-0.00016288214803262686,-0.013594892722298055
6.192049375293583e-05,-0.00015883929196531727,-0.01359970405102593
6.632327176095346e-05,-0.0001474423844984148,-0.013601014388554855
6.663441980056412e-05,-0.00012610166093370378,-0.013606805207015783
5.481258561893599e-05,-0.00010448627723421956,-0.013601027664859917
4.040052254857537e-05,-0.00010297194156887251,-0.013602144897132398
3.1341739554678094e-05,-0.00010748466801266105,-0.01361598552451273
2.9175921161749673e-05,-0.00011321602135346482,-0.01362211917891879
1.77388906280948e-05,-0.00012242207115209343,-0.013620228354262803
1.7092804068500043e-05,-0.00012217961112058012,-0.013617569494201454
1.570727459404194e-05,-0.00012568736551382066,-0.013629020424289085
1.570727459404194e-05,-0.00012568736551382066,-0.013629020424289085
1.531644926651204e-05,-0.00012139852007448729,-0.013644268783069341
1.7082341417684245e-05,-0.0001176424957292574,-0.013649047882255579
1.7844559681294505e-05,-0.00011009849811342993,-0.013652818742202848
1.4360558978289445e-05,-0.0001073098410519528,-0.013650148690074398
1.1550390298308781e-05,-9.442468280895628e-05,-0.013655249339034309
1.1550390298308781e-05,-9.442468280895628e-05,-0.013655249339034309
-1.672580384704712e-06,-9.419581361137077e-05,-0.013661572519476138
4.852229297784979e-06,-9.375729248493997e-05,-0.013662096453923156
3.52457650967227e-06,-8.789710841531492e-05,-0.013660365049498033
-3.2799805275793097e-06,-7.382033991021615e-05,-0.0136547444289172
-7.548361902559514e-06,-6.242924414003207e-05,-0.01366222601282779
-1.675256061838506e-05,-3.8055205190530244e-05,-0.013666327684396682
-1.675256061838506e-05,-3.8055205190530244e-05,-0.013666327684396682
-1.2491395334690022e-05,-2.449626405232535e-05,-0.013663325375424097
-1.769479443197379e-05,6.102593952029426e-06,-0.013674612397774778
-7.954381521851292e-06,2.1434902051156168e-05,-0.0136702391530332
-1.7690169000554625e-06,4.4840511018779305e-05,-0.013676463716221068
-2.0938492125843104e-06,5.19520191385886e-05,-0.013681035036540782
-9.8995759617549e-07,6.625299516922626e-05,-0.01368247764802757
-2.7786832996076227e-06,9.186385633493543e-05,-0.013683375690899644
-1.61422660150059e-05,0.00012485300639687394,-0.013680892063012954
-3.892876939862085e-05,0.0001645391143381314,-0.013695087524723782
-5.538663027326305e-05,0.0001956842840018684,-0.013693256259171869
-5.538663027326305e-05,0.0001956842840018684,-0.013693256259171869
-8.292770099695947e-05,0.00022982107425960463,-0.013694874445025958
-9.793533886428607e-05,0.00026348863173703853,-0.013716335439973705
-0.00010823688778130478,0.00026979576119676136,-0.013731485419944792
-0.00010823688778130478,0.00026979576119676136,-0.013731485419944792
-0.00010761476906664442,0.00028669777522735023,-0.013748066921822533
-0.00010736809962541934,0.0002820086078669705,-0.013753020136323164
-0.00010856232640714476,0.000273032905184796,-0.013752754641388738
-0.0001117556139206274,0.0002686014696667874,-0.013755669160950328
-0.00011731884275699512,0.0002699905123432544,-0.013755802123486812
-0.00011382972744300486,0.000265541112948643,-0.013758108568033294
-0.00011479881884887522,0.0002664244430262895,-0.013761092995958938
-0.00011426764407925145,0.00025304514761689156,-0.013771265373378343
-0.00010843798337551728,0.0002577163098595208,-0.01377316411801136
-8.891039775930131e-05,0.00025674004405312284,-0.01377365541608606
-8.802767677545648e-05,0.0002574447846576133,-0.013774913240584327
-6.270176953697702e-05,0.0002662626520168508,-0.013777041706524456
-9.879398095439195e-06,0.0002682751071570286,-0.013769720069209101
1.613769349311347e-05,0.00026165781177162555,-0.013771390315681448
9.806757402580892e-06,0.00025787409058086367,-0.013778717333566693
-6.49071703560874e-06,0.0002532772284111286,-0.013782538230121356
-3.178126114687314e-05,0.00025544304634679224,-0.013790208156678562
-4.808929950548121e-05,0.00026688507894996616,-0.013790888292694776
-5.193117352643995e-05,0.0002785781862982143,-0.013794931550684335
-5.6312463533410554e-05,0.00029856678089891297,-0.013796725792975598
-6.065625293225453e-05,0.0003031453935101321,-0.013805530251759193
-5.212109229997143e-05,0.0002993994122499278,-0.013812029507263868
-3.498645109881982e-05,0.00027703078192850333,-0.013823290590406217
-3.396399575962573e-05,0.00027276483251191373,-0.013822563144189833
0.0001942820869770953,-0.014636448531703523,-0.013797333279214055
0.0003432212838549271,-0.024685892983498464,-0.01377485030881351
0.0013186965614756978,-0.09112950074402984,-0.01367774268318123
0.0018611453867242319,-0.13047777825739532,-0.013646160326375794
0.0021784536865913353,-0.15451950897606614,-0.01363682620161117
0.0031736091783257166,-0.2380392442343826,-0.013599932317544751
0.0032994973848026587,-0.24984331862908388,-0.013595629755045514
0.0034564453025912,-0.26644263856283273,-0.013568728311935637
0.0036447360556590143,-0.28940829935996304,-0.013516890363231927
0.003726158660912457,-0.31090994040887665,-0.013384130552780147
0.0036566511113620415,-0.31333759249260285,-0.013302892430417745
0.0034816531927473306,-0.3108745268333854,-0.01317480475483757
0.0033666933536129744,-0.30621548745942767,-0.013106756692997783
0.003283678156103263,-0.3017521515155982,-0.013075337499648754
0.0030839258613632303,-0.28896821428860753,-0.01302748729948289
0.002945166806815837,-0.2779825613947601,-0.013007481138755835
0.0028006622686534634,-0.26628217565500606,-0.01299573843649846
0.0027122961489061334,-0.2586798364769105,-0.01299896347969553
0.002511837812500879,-0.2389835038866819,-0.013030658809015584
0.0023715779647261936,-0.22514783358596627,-0.013045431151543848
0.00228406649891786,-0.21654103550579476,-0.013058552796877877
0.0021505144534710494,-0.20334692658986406,-0.013077577285147468
0.0020002970977631607,-0.18898456469105138,-0.013116276442915596
0.0017593717941117068,-0.1674332495702576,-0.01316084281952354
0.0015992071227427923,-0.15266339724063202,-0.01319655824099074
0.0014524151397280964,-0.13974248091477384,-0.013236583086306025
0.00132508753742309,-0.127633235684949,-0.013264703207829099
0.0012340589859336972,-0.11869820453326815,-0.013289088412420375
0.0010694257205754818,-0.10137104450672214,-0.013318062904857066
0.0009516905772841678,-0.08998609906758073,-0.013338916701090643
0.0008992198340597804,-0.08471792006324404,-0.01334835857744619
0.0007397056047842424,-0.06940699518682736,-0.013368290778336856
0.0006488827196476024,-0.06014156543013737,-0.013372179653683392
0.0005607213251097021,-0.05128971042912124,-0.013373305400571448
0.0005169719646297438,-0.04668728001643691,-0.013370206153994098
0.000405906825973124,-0.0348260599436374,-0.013357238917211089
0.00031705566444921283,-0.02663310005531257,-0.013338074259606487
0.00025667952585367685,-0.020786846061517508,-0.0133239487357288
0.0002184410247062166,-0.01730339811583922,-0.013314098463203389
0.0001342351198070623,-0.007895315502759435,-0.01326747542636859
9.21046183191803e-05,-0.002815759280646422,-0.013241959878796188
6.74665393229189e-05,0.0003045384269853345,-0.013225879526215994
4.3412525635831726e-05,0.0047474009294569495,-0.013194728166877185
5.105488818833668e-06,0.01182291527857398,-0.013125248514618616
-1.3373775227267863e-05,0.015107781803300805,-0.013086667302358542
-3.303416374314546e-05,0.018756477955375935,-0.01304168897036604
-5.382908098851135e-05,0.022306227932410796,-0.012985269876806595
-9.237799702034104e-05,0.025289056200391714,-0.01293931329732564
-0.00013272013815379699,0.02765371702127185,-0.012896297966114283
-0.00015563026120663745,0.029888502740976708,-0.012833561338465237
-0.0001834446010753755,0.03180222642077707,-0.012786383424402435
-0.00020595573841092373,0.0336056120319042,-0.012728333016426417
-0.00023410401679538123,0.03490767927917652,-0.012680396377483819
-0.00025741988993048,0.036246547686734645,-0.012615853121041435
-0.0002645363700015387,0.036829833093454355,-0.012583969868415404
-0.00028637629722512274,0.03808709138073945,-0.012499295985065656
-0.0003003832771492419,0.03877577568500182,-0.012435482099020553
-0.0003130892577427806,0.0390544084882852,-0.012409549347064713
-0.0003337855941794349,0.03972133917234542,-0.012306142339348665
0.00606958344165883,0.048424247434498066,-0.009691385487899171
0.014414696024765625,0.05944374739194959,-0.006205806252806435
0.041371118697027164,0.09434279167367042,0.006070263638930367
0.09524789161424824,0.1594300801572659,0.034552145181965595
0.13352328283456122,0.2009385900818077,0.057114713314076034
0.1544932581621926,0.2220495009547196,0.07008461207655907
0.21317824304565505,0.27523116792912483,0.10819964887419384
0.2522781063324313,0.3064369141659932,0.134832251822786
0.28338602412861774,0.3292604862729467,0.15671961047351135
0.30985703896324207,0.3475360840944346,0.1760393287667591
0.3304694986907434,0.3614331020618235,0.1919627624052104
0.3456396174392558,0.37185067872034777,0.20486702457896597
0.3531558109634695,0.37761276455860376,0.21289715965809577
0.35461821909679925,0.37921922045356377,0.21569852207279935
0.35353854679747904,0.3801691376014957,0.21924940375195345
0.3472257041587643,0.3779302156364858,0.21999420538568426
0.3310639081110673,0.3697496902308186,0.2178722554684676
0.31469602396730956,0.36009238082610834,0.2150090663999981
0.30608104234588174,0.35464401125462597,0.21355965915266975
0.2777376279376566,0.3352319676028013,0.20971299317922248
0.2588873505491952,0.32110270208728015,0.20831019846256532
0.2368958254578376,0.30369474273811103,0.20803327185226617
0.2276464629487825,0.29608179120840644,0.20841402028286157
0.19593053626288298,0.26876702128348323,0.212417595495219
0.1876465228691264,0.26137603069078214,0.21420078338462417
0.16166243758264887,0.23764243579981556,0.22220729766648645
0.14437900752559596,0.22151092137237732,0.22995086247936342
0.12906703299920244,0.20716294169204735,0.2383321109630501
0.12120300471777269,0.19980615846293517,0.2432077541141025
0.10548696008594621,0.18521454034908946,0.25424537577884543
0.09205702991282608,0.17290271048132513,0.2651083870307925
0.0730347351167112,0.15580261432309397,0.283198609753118
0.06215285608849041,0.14625657145654908,0.295069375430321
0.05418421415815534,0.13940051513013146,0.3044020824155961
0.03993915950659789,0.1274796888194706,0.32283176596441254
0.029703507290440988,0.11922579664263779,0.3377582385377229
0.025029011522550867,0.11555205465342089,0.3450165650302801
0.012368260663794069,0.10594754614507058,0.3663228214712384
0.004286567669531041,0.10011920250237938,0.3812908636162713
-0.004153872415310512,0.09428296369269219,0.39813698506387457
-0.009496220522733008,0.09071853092093284,0.40942150971699637
-0.013926469553507436,0.08788695684965175,0.41954659084549856
-0.022823373818720277,0.08246002627785828,0.4419198712797244
-0.028103730740034003,0.07939212078402082,0.45658899515773765
-0.03345390781319249,0.07647618608703792,0.47279544702807325
-0.037765872211954224,0.07427265253071406,0.48694858949716774
-0.04216778291079129,0.07217608886590463,0.5027343315905524
-0.045937958774356635,0.07051689395319337,0.5173788093693398
-0.04789992662148952,0.06972889410384907,0.525650382307842
-0.05267516115756371,0.06801645219013512,0.5476292580948731
-0.055523605963866865,0.06716126625848343,0.5625263864313538
-0.05805046983747972,0.06651777389063862,0.5771514959284572
-0.060431297284246885,0.06603457082175557,0.5926306525860873
-0.06144038588438692,0.06586791602078888,0.5997164401494991
-0.06432332963195321,0.0655663082180105,0.6225847991704965
-0.06517171199078767,0.06554310800864697,0.6303970362484426
-0.06727016187881157,0.06570126932778282,0.6530594527401531
-0.06778602168643505,0.06578445093000598,0.6598643461017195
-0.06917730352465759,0.06619058749615328,0.682253755493902
-0.06961073931620652,0.06639398757203926,0.6913176493756614
-0.07029307525247303,0.06688906525557711,0.7105121283818012
-0.07048607250946559,0.06709600950018389,0.7177948486368859
-0.07080324524414243,0.06779323954934581,0.7402081912952729
-0.07081369585230526,0.0682807364445826,0.7545942373952863
-0.07070443753260483,0.06880060438683033,0.7695412701348137
-0.07049925481153421,0.06931037033187164,0.7832609298289578
-0.07017737412528137,0.06987255001407067,0.7973366995247569
-0.06992716213685293,0.07023154933439951,0.8063672461871204
-0.06945202102338574,0.07077849041389316,0.8204054637726631
-0.06888933012688707,0.07135097449428963,0.8349417335771686
-0.06793738783171271,0.07220965910324126,0.8556817808268075
-0.06719791896794168,0.07278819887304774,0.8705133990796713
-0.06683763653296645,0.07303332870508365,0.8771283781672675
-0.06603190397550528,0.07352835542125037,0.8909891038107617
-0.06469332840923936,0.07426265493324898,0.9123567240822565
-0.06413539110656223,0.0745402620525683,0.9210024490196277
-0.06337754384572099,0.07489840297985871,0.9324003973341991
-0.06192022611375599,0.07551036632963107,0.9535926478229905
-0.06135350484412513,0.07573928487684009,0.9616353918219348
-0.06042042068489372,0.07610277674049268,0.9746921864508244
-0.05935820213935269,0.07651167816027242,0.9892598243867117
-0.057890192806365974,0.07702088097443989,1.0092978491151887
-0.05715648889912874,0.07727190211795057,1.0192681278654017
-0.05587384281353463,0.0776182071009913,1.0364527263397216
-0.055379447799106266,0.07772569177608628,1.0433956336918937
-0.054156262888755496,0.07795283758389111,1.0608378153780311
-0.05319721523557436,0.07813913728102453,1.074298011779014
-0.05214886819472989,0.07831265994702769,1.0889714122084941
-0.05142839900415445,0.07836680317016173,1.0993027378875888
-0.05026806686758913,0.07840805277801452,1.116802042924638
-0.04953866965292038,0.0784474023411791,1.1276013535911273
-0.04854897915434972,0.07851276953637434,1.1427496256141674
-0.04775743406125104,0.07854914316185452,1.1550673161247094
-0.046891792445997275,0.07857237006612594,1.1684704740706695
-0.04600002200139238,0.07856043231780417,1.1824256570821599
-0.04522817792032877,0.07854882379584036,1.1946460598837625
-0.044386120508298224,0.07848340597275516,1.2091393036141174
-0.04364290297691052,0.07837828198805066,1.2225607685828568
-0.04295580216105959,0.07828969300185591,1.2347189327148702
-0.04222910898822857,0.07819062486926115,1.2478117086604243
-0.04147547048015222,0.07807640498805235,1.2620108446543807
-0.040804336090252406,0.0779656531407398,1.2753663431130338
-0.04006057187977772,0.07780581994583753,1.2909018828773215
-0.039514197465625095,0.07768958230751351,1.3018352358328837
-0.03880076401253225,0.07747801494922776,1.3171250244534292
-0.03799626885412318,0.07725030686952526,1.335396311436628
-0.03769761261268703,0.07714592162470756,1.3429302668591445
-0.03716494102363609,0.07694043067081908,1.3567679401036907
-0.03671314013429042,0.07678632143931251,1.3683779078473637
-0.03619771496827782,0.07657121393098729,1.382128669022077
-0.03559096761687255,0.07622265384293589,1.4009023026878595
-0.03540344094462828,0.07609027159908285,1.4078356955496967
-0.03489630124931684,0.07571612890768706,1.4267352574784204
-0.03455673711006873,0.07543813250756883,1.4400721228478834
-0.03438882908863889,0.07529829293866286,1.4471138671164874
-0.034090336875515194,0.07505333744377397,1.4602045479194994
-0.03379222526897038,0.07483692028607081,1.4741919330103777
-0.033626578365870546,0.07472118296846846,1.4823978565551925
-0.03327963359024844,0.07444124282313093,1.49938953091533
-0.03313412625046152,0.0742810053174489,1.5068770560735782
-0.03286508750637737,0.07388965232744021,1.52365583169298
-0.03268562694439357,0.0735350193840909,1.5408625515974028
-0.03259835703570504,0.0733939107522273,1.550375391371153
-0.03249634980190644,0.07320160521578174,1.5629065231383805
-0.032404640672581926,0.07300589549088025,1.5748876681231325
-0.032296837367193784,0.07281707327505449,1.5887608387572618
-0.03222105906934358,0.07267251986319986,1.601349164582405
-0.032167833430328134,0.07247920919847124,1.614515428080636
-0.03212296010042048,0.07224183464312775,1.6272618309802247
-0.03213657622711497,0.07194856338144867,1.6401736663084332
-0.03217543937588271,0.07165450019256848,1.6526848173518092
-0.03224393497624987,0.07138712945010331,1.6644021308561439
-0.032353225248589135,0.07095713977735292,1.684798804636156
-0.03239814809944323,0.0707151904786074,1.6970781707061557
-0.03244183693902854,0.07054385799508717,1.7045369433417903
-0.03253914328450051,0.0702355118938041,1.7172811313525884
-0.03268116029359189,0.06999533117834313,1.73250528326638
-0.032759019144197175,0.0698862757079633,1.744808443338589
-0.032834552297426246,0.0697542179370129,1.7578086327980817
-0.032942422225945726,0.06955753588582814,1.7703629849920703
-0.03307732369998934,0.06932621350293043,1.7822352031149582
-0.033225008627973784,0.06913962726713666,1.7916940692129404
-0.03341491917586638,0.06890564338175449,1.8043230236789103
-0.03355010993166235,0.06870554578561014,1.8171176772923059
-0.03368124598916631,0.06851641528898063,1.8303460945693253
-0.033816847389688535,0.06835081740980897,1.8416699570192143
-0.03397203539106658,0.06817387059726328,1.8527715827820894
-0.0341474699750713,0.06798621276383916,1.865340706902499
-0.034301490138918304,0.0678015335532319,1.8773505671756943
-0.03448099560276651,0.06760277259453952,1.8907084468102144
-0.03463936468511229,0.0674447485984995,1.9010898057269228
-0.03488871547202239,0.06724787738882573,1.9150216661831512
-0.03509412649592277,0.06709621660240005,1.9268179290834877
-0.03530099200202127,0.06688652832639547,1.941249721610859
-0.03545370895387686,0.0667203447179293,1.952057978370777
-0.03566051788212947,0.06650730786472472,1.9651769177847351
-0.03590162023680935,0.06633807199733467,1.9802155307513625
-0.036052063198826687,0.06621732249789943,1.9900020745111082
-0.03622809711926444,0.0660159869809024,2.002486435008615
-0.036429463046397284,0.06580860708794914,2.015302026403861
-0.036664044040411126,0.06559127121985606,2.028435363901842
-0.03688521270302876,0.06542251536277585,2.040314767336854
-0.037129411237478226,0.06523700245657776,2.0524544906518907
-0.03736841504362486,0.06502924121724032,2.065971808940201
-0.03759053904304693,0.06483172237418452,2.0782604515234544
-0.037792582895792244,0.06465327509039345,2.0889066189568206
-0.037998895234343244,0.06449626585264408,2.0989217750705382
-0.0382997628536021,0.06434579681175245,2.112997074472617
-0.038664959744547554,0.06405447232049429,2.129043175420626
-0.038832104274769345,0.06393525547633495,2.1365395534819784
-0.0391227157318903,0.06374342460278473,2.1491417198551708
-0.03963775192704117,0.06350077558241816,2.1708366354963053
-0.03963775192704117,0.06350077558241816,2.1708366354963053
-0.03994901147237025,0.0636364680237778,2.18722333535934
-0.040165836587654616,0.06372598593705443,2.1998857603285225
-0.04026821163268107,0.06374553437498008,2.206913843193978
-0.04042948020522057,0.06376602702624941,2.2196598923794397
-0.04042948020522057,0.06376602702624941,2.2196598923794397
-0.04095451766571912,0.06349283705608243,2.2488376714870997
-0.041214140679414875,0.06325656923877583,2.258575367986921
-0.041505310291344015,0.06325798727195772,2.273529699498557
-0.041652157579223144,0.06335787108870868,2.2831840805019534
-0.04190708572081684,0.06334982574551677,2.2997921954317877
-0.04205846692280325,0.06315567561143137,2.308352012527363
-0.04238454964011325,0.06268153149468056,2.324831010102634
-0.04257289658945857,0.06241670052100023,2.3332576051001235
-0.04286035230703448,0.06204148382504336,2.345690430660551
-0.04326505041921386,0.0616610964538949,2.362773363870023
-0.04333231046858578,0.061623059587763235,2.3662358328667525
-0.04375391754510159,0.06145937669438606,2.388778602480222
-0.043991933059032935,0.061394964896554216,2.4039179957237455
-0.044194520905161266,0.06129202454334748,2.4159101471543347
-0.04428420562489969,0.06119545504388132,2.420680701325995
-0.04459739012342524,0.06086941363592929,2.436462641811996
-0.044837540995426695,0.06069696243110768,2.4492860542083337
-0.0452280440171962,0.060509039703827025,2.4706241053430804
-0.04533121079120528,0.060461807098118055,2.476422666924408
-0.045640982314458844,0.06023997135896964,2.4922419240660187
-0.045831221119794395,0.06006944780938878,2.502198381033114
-0.0461050234378669,0.05977946583094529,2.5158253442949188
-0.04635286046102522,0.059561047590731525,2.5275638131880047
-0.04659566868019157,0.05935732912838883,2.539194168428219
-0.046863668307653324,0.05913287041777724,2.5518633322218385
-0.047112741370296814,0.05893492403033832,2.5657904924417423
-0.047298013572343936,0.05880496855211937,2.5770419521070074
-0.04750064623298615,0.05865706032657524,2.5886352178003396
-0.04771915953724652,0.05852110067658283,2.60130678801589
-0.0479411703636963,0.05837391978524663,2.6150089155755816
-0.048016746495375066,0.05831940880816764,2.6200770500404094
-0.04827934964096646,0.05811601731824821,2.6389894322168277
-0.04846161028895997,0.05796572516867487,2.651936286683985
-0.04865359100743143,0.057855574660905996,2.664752365169102
-0.04885555154420828,0.05768938636080759,2.67914562703919
-0.04900959019121953,0.05755805099770251,2.690583304886335
-0.04914765807456039,0.057485605464841924,2.7014918384305977
-0.04933206581590774,0.057415800399824454,2.7155503569766113
-0.049509557674666825,0.05730824548285941,2.7282731248219427
-0.049591856152825825,0.05723797695147083,2.7343602428489833
-0.04978030259078004,0.057085380842429735,2.7489242861581067
-0.04992793029419091,0.056986448552265916,2.7615115273220483
-0.05006650685943053,0.05690916076274887,2.7737306090337492
-0.05022122170061507,0.05684277209307761,2.7852161040259586
-0.050413488319192984,0.05673307509320874,2.8014702069804014
-0.050572317335220725,0.056610510577924614,2.8175982715809695
-0.05063690777730904,0.056542788871534196,2.82430868607873
-0.05083940993169231,0.05633521524518144,2.8436205632437077
-0.050993561732940944,0.056179056710612976,2.8567642960947093
-0.051125503381604064,0.05600477016018816,2.868958237134633
-0.051209814838172225,0.05586814417708637,2.876355900838495
-0.05135373226802724,0.05564025896018103,2.8892303188218675
-0.05148621346564998,0.05550944315750465,2.9007861151005074
-0.05167722137216345,0.05533929544832984,2.916811741640722
-0.05180617606698546,0.05524548294066388,2.9281419155555013
-0.05199091130116572,0.05502027904881216,2.9463345744309106
-0.05208601576779732,0.05491012157722396,2.95499731097278
-0.05227930551491389,0.05467703056344475,2.971931017271571
-0.05239158178938058,0.05455195271390061,2.980689685898327
-0.05255565049989807,0.05438872732896826,2.9938869563315076
-0.05270230687134629,0.05424104259111173,3.0069179914595763
-0.052832701089306724,0.05413085874275869,3.0185956111039216
-0.052984363299600025,0.054017273524476904,3.03261351439381
-0.05313994984795392,0.05392122433162389,3.0460262921776793
-0.053268355280058764,0.053815488425360825,3.0571578583726766
-0.05344423726859608,0.05359087131813327,3.075582890928579
-0.05350398977043473,0.05351140780147296,3.0816320800716444
-0.05363631749716119,0.05334211832786135,3.094285930596672
-0.0537945087013051,0.05318349166735247,3.1075087679561655
-0.05401212963955945,0.0529966860208112,3.127232439694659
-0.05412984788997668,0.05282270021030116,3.140241528730865
-0.05420330902719118,0.0527068658426055,-3.134847225812315
-0.05438646847293142,0.05245672276540824,-3.1167879415535946
-0.05446122398703372,0.05236459234100248,-3.110509900062893
-0.05462569995298715,0.05217454253500133,-3.0966402571008103
-0.05478598243370198,0.051988186912931875,-3.0822469291703247
-0.054909293348298284,0.05189076263032675,-3.070863915521494
-0.055054877018689795,0.05176321848550054,-3.0579500311167314
-0.055223549625422995,0.051627050726998684,-3.0430842766485147
-0.0553433910660697,0.05153217429832639,-3.032512297567237
-0.0554933362531931,0.05135828880988074,-3.018573109367182
-0.055607593536692375,0.05124755386223852,-3.0065971288465168
-0.055766422606767244,0.05112997422866489,-2.992077762187118
-0.05592664413591034,0.05104223437087694,-2.978422556465523
-0.05606035219762638,0.05094005026788861,-2.966321264363098
-0.05618134682384466,0.05081280951741057,-2.9538376782472824
-0.056296817209011085,0.050645958301443306,-2.940980316710152
-0.05642857280927614,0.050458222033560034,-2.9272788088090085
-0.056571297381833995,0.050315827823884274,-2.9135121258287127
-0.05668708697564918,0.0501673549943101,-2.9015292604094216
-0.05680514402370254,0.049980732976416684,-2.8876716676001424
-0.05689423919141356,0.04983416214013088,-2.8754395816028913
-0.057002913393587436,0.04970782014282528,-2.8626217021010993
-0.057129380757890244,0.04961415239421758,-2.848383807751897
-0.05723930856152944,0.049500182391701175,-2.836580158383296
-0.05736237120888103,0.04932607911020314,-2.8221412666957484
-0.05747297478541256,0.04917856002039952,-2.8089601214959976
-0.057626334439162014,0.04904851604847315,-2.793158089394575
-0.057768096795805225,0.04893952265632549,-2.779783414383156
-0.057900948122047276,0.04882042787813353,-2.767690492803984
-0.0580059908139847,0.048697284697925655,-2.756974301546989
-0.058128894858979555,0.04854722137897506,-2.744218570742462
-0.05825623255110753,0.04838135205530579,-2.730687119088531
-0.05837631412432,0.04824091308171734,-2.7186824767478943
-0.05850004831223524,0.04808809786070502,-2.7059720405689713
-0.05862886260959552,0.04795604336869293,-2.6915624473732347
-0.05873101468984412,0.04781956757247509,-2.678999646600078
-0.05884708591768129,0.047662465570949025,-2.666393445558962
-0.05897897849047119,0.04750644869702206,-2.6539574697814396
-0.05910173591928468,0.04734879694702271,-2.6410889235444017
-0.059234607617802394,0.04717859890738643,-2.62742184778333
-0.059347063488171224,0.04700001494438647,-2.6134203051637286
-0.05943349587846343,0.046884049570705445,-2.603605721085246
-0.05961300546143696,0.0466429839704601,-2.5852847923065667
-0.05981823099271435,0.046367699283903635,-2.5642757986539206
-0.059893453571977937,0.04629007909342122,-2.557624588791382
-0.059972162505839116,0.04618978594516736,-2.549401752578675
-0.0601164406554824,0.04598848723603548,-2.5346280793034803
-0.06026547862798098,0.04573786891401969,-2.5197451694621287
-0.06032483784506484,0.045647959274175816,-2.513959389737418
-0.06056051348580242,0.04531342078565098,-2.4917385488192747
-0.06067148749915559,0.045137793790916224,-2.4796096800393506
-0.060742796825880394,0.045035696142037784,-2.4724884502039175
-0.060914675153318845,0.04486981547784098,-2.456393627735878
-0.06110117889476942,0.044786814204751835,-2.4412246460128517
-0.0611522526373346,0.04476419608156146,-2.4366625467943597
-0.06134762575005027,0.044667996800200345,-2.4184103000728463
-0.06152746098516697,0.04459309915664398,-2.40019267408489
-0.06166955548166921,0.04440589716066027,-2.385552006451767
-0.06179801145720688,0.04422874469407109,-2.374720321471762
-0.06189462589415789,0.044041281502184254,-2.3647688529140627
-0.06198677726644209,0.04377305376147254,-2.352724177507575
-0.06211124935703257,0.043390355186946214,-2.335818098827712
-0.06220319272031695,0.04317677460753763,-2.3246571460748533
-0.062326457290353805,0.04299917654975374,-2.3131262567490856
-0.06247444293823056,0.042835797203656434,-2.2994740491742656
-0.06263561473569738,0.04263699919072366,-2.2827323939063744
-0.06275614723485365,0.042447819706889586,-2.270190877599468
-0.06290530686182996,0.042227793304069366,-2.2570157910505735
-0.0630613945738941,0.04192427199934923,-2.2418222982336053
-0.06313805692524448,0.04178232117704413,-2.233927482802098
-0.06320353170148295,0.041642037158252224,-2.225893546407693
-0.06333941586441315,0.04133706495980207,-2.2087719469920066
-0.0634377476294222,0.04113118434395175,-2.1973396906600096
-0.06360676694856146,0.04091223943960295,-2.1808396248984763
-0.06374290104760365,0.040866493071541894,-2.168291569845892
-0.06383491428255646,0.040791379801939406,-2.1557419190960254
-0.0639368633753928,0.040651851513525086,-2.1388353147673906
-0.0639368633753928,0.040651851513525086,-2.1388353147673906
-0.06401597791344067,0.04055390486052428,-2.126732197215478
-0.06417772998852135,0.04006967942679137,-2.103326566606349
-0.06423639322256702,0.03969928749599053,-2.090145038594957
-0.0642514897175406,0.03954925684785497,-2.085023661741907
-0.06432736333567127,0.03908980698401556,-2.067283293602201
-0.06441166622053199,0.038923234508796103,-2.0570442824420083
-0.06456853373104698,0.03876492605254747,-2.0388642786053377
-0.06462924164154818,0.038711438729180744,-2.0315360828368205
-0.0648088938133002,0.03845243706007766,-2.010510475223736
-0.06486363103498392,0.03838129433283647,-2.0048769438475715
-0.06497507036750468,0.038216074819883664,-1.9935753251003498
-0.06509962641948822,0.038042243141990784,-1.9819091689349688
-0.06518801502462172,0.03797352885823761,-1.9736635236727074
-0.06537854287889605,0.03789269803386902,-1.9576475092408538
-0.06558536514803902,0.03785536888490409,-1.9428268993907611
-0.06583094653479513,0.037629184257700406,-1.9238462619255396
-0.06591734873801297,0.03732821553313438,-1.9137250017324638
-0.06596387865301521,0.03707984633074038,-1.9061194835119135
-0.0660387168296103,0.03665879871218974,-1.8932035257252364
-0.06608785461024862,0.036437506846359526,-1.8860851192742447
-0.06617812374450957,0.03610418673790862,-1.8749231323844553
-0.06643211229535077,0.03583002447585035,-1.8566051252460156
-0.06672355576585977,0.03571686496283952,-1.837489644603842
-0.06685539328878003,0.03553931879549896,-1.8257653741656674
-0.06691263389866127,0.03543346065677699,-1.8205042251859582
-0.06704344642309264,0.034965982049110236,-1.8024491641470015
-0.06704344642309264,0.034965982049110236,-1.8024491641470015
-0.06721084220215168,0.034264434920259025,-1.7778786764469705
-0.06740456034975309,0.03442239411024141,-1.765934769910715
-0.06740456034975309,0.03442239411024141,-1.765934769910715
-0.06778147718589676,0.034637193634395186,-1.741492369488033
-0.06789910403272399,0.034583695278548765,-1.7310325058331666
-0.06807291750237897,0.034460730321241834,-1.7172662341135214
-0.06824015313610439,0.03419722770395639,-1.6983382707538166
-0.06826527024051383,0.034098667149927535,-1.694502878103252
-0.06832907580194818,0.033279313432679,-1.6740006632645628
-0.06833042931698008,0.03281132279779904,-1.6658060616324775
-0.06837299614531235,0.03194319802639866,-1.6475386286535763
-0.06849204292486721,0.03140875223389924,-1.6315865204117623
-0.06849204292486721,0.03140875223389924,-1.6315865204117623
-0.06866716074632642,0.03097294169923229,-1.6135973289438201
-0.06889602517335912,0.030831198305450273,-1.5993278422192279
-0.06897444168098678,0.030806226218166075,-1.593725760418858
-0.06912524768091892,0.030602627963890662,-1.5789153911654206
-0.06921764508228304,0.030309438031411277,-1.5648296528606758
-0.06926083964774758,0.03005540067152,-1.5562301034592039
-0.0693087161112919,0.029426001555029897,-1.5382821398350353
-0.06931757600674784,0.02920072788393087,-1.5315663820703986
-0.06938416978428291,0.028690161804523398,-1.5127624410937839
-0.06942889643972923,0.02845058363916986,-1.503142739173583
-0.06950818841061342,0.02814378086187679,-1.489724861740516
-0.06960224769541476,0.02797217153612504,-1.4793605345812193
-0.06991038518791666,0.028037785664448915,-1.4639045816967722
-0.07003035052838853,0.028106951507938897,-1.45877112762994
-0.07024945588273414,0.028014779157643648,-1.4453592618749462
-0.07049250610143375,0.02770240318632354,-1.4263291453579137
-0.07056675123366271,0.02739270984129768,-1.4146210700922712
-0.07061048445625717,0.026935283433870288,-1.4007115134970054
-0.07063504756500667,0.026675000935154094,-1.392309728697607
-0.0707222373384159,0.026329240560529526,-1.3784205185962177
-0.07082423934772937,0.0260384519140855,-1.365056649895268
-0.07088405384337097,0.02580423258438638,-1.3544027013689703
-0.07091841825138748,0.02548925462513711,-1.3429054208517288
-0.07096804022396183,0.024860234723391394,-1.3212637154559612
-0.07107292139081454,0.024543878461439392,-1.306216998200055
-0.07111345562060663,0.024405348496321515,-1.2999976179892765
-0.07115991874833769,0.024163270905402857,-1.289100924504068
-0.07118524005809829,0.02391798662629994,-1.2777290315008012
-0.07121123348904065,0.02374202880012968,-1.2688641929676174
-0.07139168736902937,0.023457403304661232,-1.244700893883378
-0.07145415369330399,0.023451558487768795,-1.2388810501042913
-0.07157245669074744,0.023355983350327247,-1.2239950280353127
-0.07159612148804376,0.02322688133202246,-1.2150107669026633
-0.07161408284882748,0.022983935500125816,-1.2019115198205046
-0.07161894041813233,0.02279946972275914,-1.1942291282961197
-0.0716383784143069,0.022466396824415872,-1.1804489371446854
-0.07174891154158076,0.02222297179810877,-1.16640276589664
-0.07189932099721863,0.02222522827212418,-1.1573000696787827
-0.07218387624951261,0.022344213902655622,-1.1417989994317586
-0.07228654447203417,0.02227503495458752,-1.1297175043298684
-0.07224989109456281,0.021926567552660585,-1.1191008651148568
-0.072200972348198,0.021526285114459143,-1.108943285132612
-0.07211828406191129,0.02078795322388434,-1.0905937649045663
-0.07206688327922907,0.02034095036833785,-1.079174544355274
-0.07206254918454166,0.020122202920130814,-1.073116941302143
-0.07206009823896421,0.01967539902297008,-1.0604761487701078
-0.07207369082613937,0.01931583971145365,-1.048753961702834
-0.07212315492925399,0.018770492591630265,-1.0293406930014428
-0.07218851289054204,0.018543731809939748,-1.0186379188237589
-0.0722673201146856,0.018257579769405105,-1.0055725363765706
-0.07230270781207526,0.018115823867690166,-0.9995001028403783
-0.07239603910261072,0.017758662730322443,-0.9819045811586974
-0.07248337859756222,0.017563826683110753,-0.9695917019250061
-0.07257336381115667,0.01734335497264148,-0.9574047803503235
-0.07266262460447492,0.017095349730705006,-0.9449665014423054
-0.07269133048753877,0.01698444528724402,-0.9396057863590611
-0.07280775119978405,0.01660096071276113,-0.9199204952339972
-0.07290933829790702,0.016367879172367324,-0.9068211863695075
-0.07295873676165966,0.016280711267444545,-0.9012204498992575
-0.07308706874623347,0.01606073807693895,-0.8875499500631031
-0.07324692152435547,0.015803705901613393,-0.86997943085471
-0.07332640438174749,0.015611518669943442,-0.8574024648104243
-0.07340044283915836,0.015402347279041469,-0.8448144633081508
-0.07343364777700793,0.015317664874621367,-0.8396126130628685
-0.0735783761818311,0.015006063573922241,-0.8202535487166429
-0.07366492634051705,0.014837509559327045,-0.8076257094430875
-0.07369355884278692,0.014746754326235808,-0.8017119297564207
-0.07374334798241908,0.014433303014065388,-0.7832099432147117
-0.0737655703073907,0.014299106329205738,-0.7756774960382496
-0.07380072824047285,0.01405479383044652,-0.7628192965050159
-0.07383263015649744,0.01383830396997987,-0.7517504033048873
-0.07382280045087675,0.013577370589128918,-0.7393808480739696
-0.07380454727867287,0.013203397264639613,-0.7214460179609052
-0.0738197825248978,0.013077702356459846,-0.7147226200555103
-0.0738660033124362,0.012728346381019025,-0.6960725981505498
-0.0738802401034022,0.012517545822362364,-0.6832042475150693
-0.07388836392650291,0.01230616490672766,-0.6697814907129775
-0.07388833771777664,0.012214714305764127,-0.6640430590728182
-0.07388279430752201,0.012017227605857474,-0.6524640163155975
-0.07392390321203553,0.011691969753521533,-0.6337480846731608
-0.0739321979307655,0.01158004942126942,-0.6276972059073954
-0.07395293707516833,0.011263147878831354,-0.609150108657876
-0.07395918904328405,0.01104668161749247,-0.5976619250132004
-0.07397442970211707,0.010807415216496545,-0.5846829341373083
-0.07400637522389102,0.010662352685957017,-0.5762985455842817
-0.07404906851593401,0.010480977479447364,-0.565469845981323
-0.07405853505247328,0.010085469384024728,-0.5454678794710205
-0.07404852849795578,0.009836621558155657,-0.5345057216592939
-0.07404680598111918,0.009649341027225696,-0.5262330641336493
-0.07407737869722891,0.009303445820129978,-0.5100802247404073
-0.07409073941382299,0.009175560774164837,-0.504095767131445
-0.07410975876556732,0.008885608323400468,-0.49055087512965234
-0.07413332535537025,0.00865244881998988,-0.47866864253882
-0.07419685631327612,0.008410503536716322,-0.4653476710508011
-0.07427635506592446,0.008220014289100894,-0.4539567636758152
-0.07437163002256938,0.007873213154255288,-0.43478812233006
-0.07436126789343978,0.0076272323378449094,-0.4226373602176954
-0.07434399190069714,0.007346238925984553,-0.40959417600761316
-0.07434146963447008,0.007227779535601371,-0.40372211640443695
-0.07436089924719297,0.006861559339608364,-0.3858310635343139
-0.07438375202425185,0.0067255811334406305,-0.3779560307356777
-0.07439713133445128,0.006520933869292117,-0.3655455389055353
-0.07439845212484925,0.006321969080718724,-0.3537870107825546
-0.07439675395140712,0.005950623686263061,-0.3352112262483984
-0.07444375749597697,0.005743727067010994,-0.32339086852072724
-0.0744583677519226,0.005591280256740593,-0.3154044818631573
-0.07443110337011685,0.005212708697827048,-0.29708268549193845
-0.07440714140925124,0.004944451933179063,-0.2845782481012575
-0.07439820428500432,0.004808471549060655,-0.2781547520820817
-0.07440895455825294,0.004426078501985618,-0.2590086453153538
-0.07441008624449595,0.004307615876836256,-0.25274154204838617
-0.07440463562049095,0.004005342960188868,-0.23710427685704355
-0.07441716529722446,0.0036570733992961238,-0.21903130942273885
-0.07443941146264652,0.003423636510320633,-0.2068064357305257
-0.07447177969902956,0.0032006867003075857,-0.19468479500774305
-0.07448979166633249,0.0029642584881836554,-0.18187365518285847
-0.07450919743056628,0.0027356048509011226,-0.16937440417535934
-0.07453250227357364,0.002498684762114592,-0.15668880504168797
-0.07453916934951732,0.0023706103735543155,-0.14975713172881824
-0.07459948702945593,0.002025592708599542,-0.1307908641690725
-0.0746171002671887,0.0017718823532124992,-0.11639393022058347
-0.07461230577131056,0.0015691357936426789,-0.10494198061844101
-0.0746137601506265,0.0013388693652803664,-0.09203402001253731
-0.07463599199259555,0.0011305899671797766,-0.0799149474043077
-0.07464963986007946,0.000975429076332188,-0.07140011664358459
-0.0747000347358119,0.0007665607939981238,-0.0584367715285331
-0.07471566194051336,0.0004962145560550249,-0.041112639976841704
-0.07471924466497579,0.00039926415904110665,-0.03479404302003807
-0.07473264804197137,0.00020908108009252586,-0.022552086913243646
-0.07481427095800437,-5.4591089060015506e-05,-0.003453757666254479
-0.07483454217381261,-0.0001463298802658128,0.003316606642792859
-0.07483491177856862,-0.0003679307427961157,0.018001140865701606
-0.07480209758879067,-0.0006592362426743434,0.035624416278533966
-0.07478591883289883,-0.0007782863027364334,0.042282909783183845
-0.07477734103231758,-0.0011313213097896922,0.061965472136380276
-0.0747560993857108,-0.001365088262084676,0.07577639937095218
-0.07470419713284701,-0.0015881881022370913,0.08766833291264507
-0.07464916299802644,-0.001822750266160838,0.10103913177149793
-0.07463860313499027,-0.0019305224780875904,0.10778408033438526
-0.07463914016359724,-0.0022075168099950273,0.12604134617647217
-0.07461550380779729,-0.0024321266661614565,0.14035275258369267
-0.07457619149226127,-0.0026275206762050468,0.15261557257198016
-0.07454698982365482,-0.0028335277070949804,0.16579709047392296
-0.0745382120833971,-0.003072423008672299,0.18046364458106243
-0.07453731760489724,-0.003181919392464765,0.1864980151060373
-0.07451759937981377,-0.003429339596440262,0.2013057750105415
-0.07452050875909232,-0.00370024684156532,0.2193301376692291
-0.07452050875909232,-0.00370024684156532,0.2193301376692291
-0.07458037515552064,-0.0038237731351938946,0.23192071168645945
-0.07485020432271265,-0.003939273448015541,0.2557876756664507
-0.07490607554067755,-0.004105875222407041,0.2715148469617292
-0.07487273261593351,-0.004213510289667098,0.27820601153369623
-0.07478246753887761,-0.004485030768153711,0.29332269824313695
-0.07469385682940288,-0.004784410490085092,0.30933236944230086
-0.07481193066043507,-0.00496828821396005,0.32566584636314555
-0.07482740647592029,-0.005120793375770825,0.33477271304088957
-0.07481453854980726,-0.005234403343630437,0.340599320598761
-0.07470424774489515,-0.00567091331470981,0.36077696421068023
-0.07470424774489515,-0.00567091331470981,0.36077696421068023
-0.07450555013012194,-0.006306977421054357,0.38701647526337174
-0.07443789671940096,-0.006605584674110136,0.39970503295035187
-0.07439146927249907,-0.006893264678738619,0.4124155050522283
-0.07432959975323505,-0.007116086792273433,0.42203727388489554
-0.07428741090911724,-0.007350680912410447,0.43305820723849714
-0.0742731699064542,-0.007604472550360417,0.44650562588323717
-0.07427262711818236,-0.007813810334549995,0.45876807947044307
-0.07422182834733992,-0.008138971024373278,0.477550775155797
-0.07420386959069034,-0.008261686610009328,0.4849994335222206
-0.0741861528653391,-0.008465601238514591,0.49709468278856755
-0.07420434087078094,-0.008789801805140747,0.517242297545279
-0.0742013304343941,-0.008894246903166234,0.5236699581263078
-0.0742066781099451,-0.009065530528484963,0.5363617511990394
-0.07421647346938695,-0.009220017640628315,0.5497925913082999
-0.07423081082723483,-0.009367067528816043,0.5628738828450033
-0.07428100346238861,-0.009578606261604165,0.5820049650739514
-0.07427791449889759,-0.00965415082326962,0.5878808470977434
-0.07424002428942364,-0.009832781295550652,0.6007514395435418
-0.07417428509522332,-0.010052248656598324,0.6152795799598848
-0.07412416497479069,-0.010268927224674915,0.6297030302668654
-0.07405818430523524,-0.010575332831468828,0.648443815097773
-0.07402502462028697,-0.010686425623844446,0.6553988366513493
-0.07395565904626732,-0.010923838879117138,0.6694742914905352
-0.07385273802471945,-0.011230509196658803,0.6861755145134552
-0.07380740213194838,-0.011364452970705843,0.6932233207586611
-0.07374598292436506,-0.011606949727957458,0.7064824886274299
-0.07370109070996492,-0.011848921566060955,0.7213430271246658
-0.07361936382627393,-0.012107439331324882,0.7393766191646344
-0.0735868735506613,-0.012196820131146821,0.7456426480563663
-0.07347888324207937,-0.0124943305266947,0.7660699673934805
-0.07341346241221343,-0.012691032842736236,0.7780933205597202
-0.07338020976920101,-0.012803638148219746,0.7851221793775901
-0.07334573443436825,-0.013076687091212976,0.8040034259801101
-0.07330751037609248,-0.013269170732976612,0.8161961137402372
-0.07331568070221366,-0.013436688009537016,0.8287593355104966
-0.07334123138786647,-0.013534739135810648,0.8363706733016631
-0.07334148695570367,-0.013713592423416273,0.8489266693541441
-0.07329955259382823,-0.01403415214381283,0.8685539946934896
-0.07328490844682849,-0.014233801891031858,0.8807572496375297
-0.07328060207110941,-0.014341724536065097,0.8872018692265484
-0.0732851361007002,-0.01457458580366293,0.901736390105381
-0.07329695459308842,-0.014843158292252011,0.9204693839164438
-0.0732921912753038,-0.014947625185177272,0.927730220627145
-0.07325934607370402,-0.01515821061436835,0.9418165925564873
-0.07323068163877065,-0.015335184284942918,0.9533841668044389
-0.07319035364802291,-0.015557623320893487,0.9663863815233367
-0.07318420039627796,-0.015858157059680827,0.985722109326662
-0.07317776929968865,-0.016050969314339247,0.997599927369312
-0.07316712916520475,-0.016171290410528897,1.0044414788819558
-0.07311297638247789,-0.016539501585755064,1.0243361512457276
-0.0731018576669527,-0.016730071318548246,1.034801052651886
-0.07309498059741819,-0.016924501196245664,1.0459147807336235
-0.07305129139892214,-0.01720910731485769,1.0618326083485021
-0.0730171427449641,-0.017351000416472098,1.0693902510143047
-0.07296932555858303,-0.017565128584919303,1.080492420167902
-0.07294761024139235,-0.017820169198729276,1.0952643443654093
-0.07299993099500206,-0.018112323768954334,1.114216148680058
-0.07298290075964359,-0.01832507137948656,1.1263204897402657
-0.07294226951182249,-0.018557637969129286,1.1385473684123022
-0.07292164259041735,-0.018684103371397434,1.1454273457657802
-0.07290825993255519,-0.018994074478332165,1.16382181101469
-0.07286156993292066,-0.01922314283732883,1.1771177805458235
-0.07281600473192633,-0.0193571961595706,1.1842299824054026
-0.07270890157019387,-0.0196802805199192,1.2022073130786106
-0.0726853010202016,-0.0197917265271422,1.2085464456262704
-0.07264449285989373,-0.020040838197491036,1.222840528623788
-0.07262035575019966,-0.020250511681166195,1.2354410260193691
-0.07256018663140335,-0.020477624235873834,1.2480550392324408
-0.07247000647063073,-0.020808456614223696,1.2668187888663385
-0.07244278491766036,-0.020908662448586614,1.2725180448258968
-0.07236340260290929,-0.02124523110348676,1.2916390204293982
-0.07233357592971319,-0.02134526832974143,1.2976411386898874
-0.07225212652159343,-0.021557386890694495,1.309802295030531
-0.07210567625074987,-0.02188274661949533,1.3288490883926316
-0.07199094243131847,-0.022111296219632363,1.3418623052853362
-0.0719383630221809,-0.02222508222002716,1.3478217693252201
-0.07175973789179951,-0.022581950329681313,1.3676130564392894
-0.0716998162785834,-0.0226923674139045,1.373701483386719
-0.07159999777168351,-0.02289420626264963,1.38570553845503
-0.07149828958802976,-0.023125718984235197,1.3991071102247983
-0.07141885788984968,-0.023358330326110864,1.4132374957952356
-0.07133659070116993,-0.02355548491695825,1.4238919593875836
-0.0711520619719995,-0.023891342544636606,1.4415575313428777
-0.07108614882533612,-0.02401790254410926,1.4483104545272332
-0.0709762357421752,-0.024271726065951113,1.4612600580528152
-0.07089079830354351,-0.024538279353402918,1.4750710278801147
-0.07083797855873339,-0.024730690840756703,1.4856376665414432
-0.07075095954839378,-0.024966447720069878,1.4977492142451208
-0.07059536841467748,-0.025316305908216295,1.5158305586627392
-0.07053954493193883,-0.02543311128981771,1.5217392996355728
-0.07039390062605992,-0.02578528034747922,1.5401153829914676
-0.07033612212378153,-0.02592070734632714,1.5472659047842812
-0.07014460681460874,-0.02626807405740525,1.5654449559862262
-0.07001678704119389,-0.026495526026685156,1.5776988566351466
-0.06994365461167906,-0.026635530531211704,1.5844767393801988
-0.06977172735721344,-0.026928781590333857,1.5980428493581986
-0.06960980844345732,-0.027214497523531486,1.6106383258450727
-0.06950589686691003,-0.027441773169379468,1.6215910817561459
-0.06934680950740961,-0.027791101501097922,1.639258182965233
-0.06929520385544154,-0.02791635672904036,1.6452870482921096
-0.06920548349988716,-0.02815567997968794,1.657454244959219
-0.06911706536374107,-0.028433403461618996,1.672366666983118
-0.06903216498824244,-0.0286375782048542,1.6835136647080349
-0.06893613448244071,-0.028853843127366493,1.6949388765937548
-0.06884015890433934,-0.02909961511402237,1.7085121689910265
-0.0687746798724637,-0.029361811351985793,1.7232556072747434
-0.06874276415797897,-0.029510672901408293,1.7322424669784553
-0.06864419939007685,-0.02981406950999582,1.7500165596513053
-0.06853607956170782,-0.030036186149616517,1.763221264049431
-0.06842363985918218,-0.03026176641752234,1.7762523846102753
-0.06832174838201113,-0.030485932163973536,1.7882906487589638
-0.06826872390997316,-0.03059811340158122,1.7936028707518714
-0.06808453379285855,-0.030966389501966323,1.8123430290510378
-0.06801670940202824,-0.031098362588773572,1.8189481533999072
-0.06788107585671763,-0.031369932432827374,1.8321600034471377
-0.06775156027645178,-0.03171466417449115,1.8489042352726641
-0.06764602236300807,-0.03195276598438797,1.8606354706342332
-0.06755048675351602,-0.032180927766643226,1.872142102256714
-0.06749092665529165,-0.032315098666228594,1.8790847987777233
-0.06739684789833325,-0.032555386432318936,1.8909704898297566
-0.06726225914750182,-0.032934626050044234,1.910317826870348
-0.06713277332250853,-0.03317007397798659,1.9222724526699748
-0.06697914735939246,-0.033413458650207686,1.9349209048132214
-0.06690477244759563,-0.033532268756647644,1.9406358357963849
-0.06670136116232507,-0.03391040252231912,1.9597966921233185
-0.06657165270303153,-0.03414680137673884,1.9719088077493208
-0.06643614634970967,-0.034379890521599975,1.9841193526001741
-0.06630456745750629,-0.0346189651250078,1.9972586229140448
-0.06625088387287674,-0.03471936362939136,2.002865254398932
-0.06609599576979036,-0.034931183834604626,2.0141881067216882
-0.06594040750006565,-0.035188485578557534,2.027296489225261
-0.06576673923815132,-0.035511145265074186,2.0450360614828735
-0.06562955050347742,-0.035739504606124586,2.0566912995608817
-0.0655556608389637,-0.035860715397547115,2.0628354511127904
-0.06542041469871819,-0.03609549173177546,2.074733810804015
-0.06527489517850686,-0.036369661549690326,2.0889101158616605
-0.0650878322907154,-0.03671952871121297,2.1060632922788893
-0.06496505707443381,-0.03695149251807048,2.1177899095655057
-0.06484073771253564,-0.03720729113052906,2.1300746065207052
-0.06473374817387312,-0.037436574194518756,2.1417903673119563
-0.0646755647766752,-0.037557918385873613,2.1475663105333234
-0.0645556544461866,-0.037811657297672406,2.159999409002991
-0.06438815589654025,-0.03819247157306638,2.178505405701298
-0.06424254998116101,-0.03846716997427668,2.19146771097167
-0.06410279914048504,-0.03870527664910798,2.20244526328276
-0.06397510968904738,-0.03891421331962479,2.2116946380741505
-0.06385546782014494,-0.039171215451796804,2.223850529730183
-0.06374279863458424,-0.03940598115029522,2.2351448772661735
-0.06364222808978781,-0.0396713570073622,2.2487524296793038
-0.06359322179638716,-0.03981666115204315,2.256429683219297
-0.06352182520320022,-0.040006467792095074,2.2661664611075154
-0.06334191635437163,-0.040419928543460173,2.2870688534183388
-0.06322132220884003,-0.04060588634703861,2.2958801991918003
-0.06313257796570396,-0.04072987800397779,2.3015506269850747
-0.06285012786106198,-0.04109835685978062,2.3181293240264726
-0.06255514158823812,-0.041505262161706274,2.3361711110578947
-0.06240438186206609,-0.04172219070495756,2.345892303937083
-0.0622599711715056,-0.041919645150828216,2.3546594312574287
-0.06198565282046035,-0.04232496180335675,2.3735978351272924
-0.06192422418573878,-0.04261130309182917,2.389248428354905
-0.06193821634577451,-0.04271869726198968,2.395707911134956
-0.06187264188436352,-0.04296776779173797,2.410022080892813
-0.06173524788976276,-0.04316702896185511,2.422273842194631
-0.06158499912753896,-0.04331440312565835,2.431367731388729
-0.06134354183992452,-0.043524165402829995,2.444158437021307
-0.06108522369416676,-0.04379478877455716,2.4605450962331346
-0.06108522369416676,-0.04379478877455716,2.4605450962331346
-0.06089319748949399,-0.04411414851729622,2.479813555050023
-0.06083311404498627,-0.044406194941466234,2.4993522298331996
-0.06083311404498627,-0.044406194941466234,2.4993522298331996
-0.06082550988226454,-0.044561961357796484,2.510486166980863
-0.06069591861922825,-0.044822899030383646,2.5278002413709113
-0.060554182898229995,-0.04493851322907365,2.5349388131252137
-0.06013119758372809,-0.04525575964128033,2.554268985745464
-0.059994844055845827,-0.045408720968051604,2.564088213771468
-0.05974234349810168,-0.04566546405210184,2.5796855962453655
-0.05953853871933794,-0.04586358420903272,2.5920026680973898
-0.05932869182536986,-0.04609070999117018,2.6069806702275744
-0.05916129392662272,-0.046228470080686264,2.616673445967595
-0.05895559322607769,-0.0464091688707496,2.629129611408333
-0.05873431410029165,-0.04667186383243438,2.6470263433032457
-0.058655409074320056,-0.04676048618110526,2.653033244812007
-0.05846545761786782,-0.046966420518131984,2.668109883423786
-0.058409108630791406,-0.0471112697929744,2.6798045902259404
-0.058310776968004935,-0.047264064749751665,2.6910386990273354
-0.05805982813680815,-0.04754313238306443,2.7095478794672534
-0.05785285761425325,-0.04772577012640468,2.721598888507357
-0.057743758073974034,-0.04783111684467766,2.7279522288614504
-0.05754676516949431,-0.04802563278757979,2.7406224747544434
-0.05738479503872674,-0.04820379489900627,2.752369681835476
-0.0571090402873778,-0.04849965198599529,2.7715370632849927
-0.05695471602610929,-0.04868086980223884,2.784615439307511
-0.0568686689017344,-0.04876097299060457,2.7909497691318466
-0.05666875641320068,-0.04898024338558056,2.809355465619505
-0.0565838672956574,-0.049068880214561704,2.816653120248967
-0.05640998965034479,-0.04922979068115328,2.8286479418845842
-0.05622725484141065,-0.04940287227686421,2.8422566874694186
-0.056074358745416046,-0.049610612134036405,2.8610084002409555
-0.05602605226555518,-0.04968039364669898,2.8671152161559617
-0.055887298754776195,-0.04986932238588052,2.8829412087103474
-0.055803078731195686,-0.04999651003399415,2.893650849853919
-0.05567659889422197,-0.050159913854017475,2.905786366221051
-0.055446912914037624,-0.05039326342441191,2.9250730416546666
-0.05536878406792393,-0.05046401158897994,2.930941811697052
-0.05517981429381976,-0.0506161206576289,2.944154846334096
-0.054904625935790874,-0.05087799897677234,2.9637546945138813
-0.054812471094853266,-0.050960419765373834,2.9702183338837527
-0.05460644480368327,-0.05111762055606106,2.9834457739888096
-0.05437917232344208,-0.051292541655770345,2.997688843100057
-0.05422838812607683,-0.051468842465357295,3.0107376065206535
-0.05413629811177799,-0.05162628988581687,3.023092640153575
-0.05404483721157226,-0.05177358257209805,3.035321899858908
-0.05387477061691618,-0.05197143717626886,3.051977086979506
-0.05375686071133728,-0.05210119653322549,3.0623623877344235
-0.05363421351087939,-0.05224093639363445,3.073656442337842
-0.053539435719558215,-0.05234088361559305,3.0812933860491203
-0.053303616810215,-0.05258273398785593,3.0992760465242646
-0.05316406293017698,-0.05273709560920806,3.112627561676066
-0.05303029154666134,-0.05288773801375765,3.1252283491872257
-0.05287275133754029,-0.05303670214113798,3.1379612951187803
-0.05270263252021579,-0.05322924163552089,-3.1300270360655893
-0.052578936343905314,-0.053353662797617565,-3.119648152686791
-0.052379643902027026,-0.053504348653525796,-3.105488157826266
-0.052252855573835875,-0.05361024930011937,-3.094670139223502
-0.05210563463754307,-0.05375330206995018,-3.081041861215659
-0.051884422355645804,-0.053957647783351416,-3.062760484410225
-0.051786431472959533,-0.0540335903196875,-3.0557676315970266
-0.05158923162776855,-0.054169349782156845,-3.0429996523638136
-0.051320425087417146,-0.05438099939013588,-3.0235929107844233
-0.05119790306888897,-0.05447685449470955,-3.0149396764678635
-0.051021722440727564,-0.054636501206954464,-3.000660380416964
-0.050894698376350016,-0.054763828216390455,-2.9890293763542637
-0.05069757426188542,-0.05492940316591593,-2.9730233565730355
-0.0505473344812476,-0.05502638663626831,-2.962582271265384
-0.050294714564068074,-0.05520774069511704,-2.9447738993972123
-0.050154503636250417,-0.05530082323078661,-2.9365341499521094
-0.049991637436470976,-0.0554223532846265,-2.9254024283819158
-0.0498598692738695,-0.05555866789806007,-2.9125100887114193
-0.04976438481501914,-0.05568399349523272,-2.9007318115719385
-0.049653757997346934,-0.05582503241795599,-2.8877595585333182
-0.049531523852433895,-0.05598337032656647,-2.8736392549128738
-0.049430787342807966,-0.05610716551833176,-2.861899210433928
-0.04927484700708636,-0.05621790874582611,-2.8484799567626324
-0.04914086454370101,-0.056332918640763965,-2.834426167960546
-0.04901923016050745,-0.056466281102592775,-2.8189463521264186
-0.04889153802686103,-0.056587242233587014,-2.806431834336738
-0.048770264555569494,-0.05669674398087622,-2.7955204154246065
-0.04859521604945545,-0.05684355436012795,-2.7817389026692894
-0.04846768127718842,-0.05697459444453924,-2.7695493950694123
-0.04829051624866675,-0.05713612994731422,-2.7557287149923777
-0.048087090294984966,-0.05730549501436861,-2.7416322470305587
-0.047923257117815775,-0.05743916243560147,-2.729939277586531
-0.04769247064466937,-0.05760106305693147,-2.7152876812965725
-0.0474998719327371,-0.057723773268070475,-2.7036393640096015
-0.04728581781217608,-0.05785428236267766,-2.690664750830367
-0.04707971768076547,-0.05800301823765147,-2.67761122206603
-0.04686011729282968,-0.05815100485600133,-2.665279528775581
-0.04662341323028486,-0.05829902811958887,-2.6512503256275624
-0.046458565511922574,-0.05842098560292133,-2.639756166849236
-0.04628161582315002,-0.05856550743832119,-2.6261391849796762
-0.04615145585621359,-0.05877948243675922,-2.608513758591082
-0.04609991936425608,-0.05889039682113826,-2.597943368594341
-0.046006512340353245,-0.05903393560060642,-2.584451616242374
-0.04585981323230422,-0.059164938243486294,-2.5708903297861263
-0.045662469580764954,-0.05930701159549281,-2.5566100588484844
-0.04549422006050713,-0.05942029652590988,-2.545867161374308
-0.04530382955144001,-0.05954946541387898,-2.5329478659108307
-0.045142622955005936,-0.05966073663305166,-2.5196357032356618
-0.044976909291301596,-0.059802299932137724,-2.504317727946509
-0.044823355373218035,-0.05992036757581658,-2.4907689300563747
-0.03936973221817991,-0.062426477043071915,-2.482604052459492
-0.018859953966790088,-0.07177495917024586,-2.4756478444829244
0.023325045128335713,-0.09129761868102687,-2.471750414179401
0.05896803984209647,-0.10798689263215751,-2.471104360752656
0.09687444533041957,-0.125515855763064,-2.472011510895298
0.13765042720824186,-0.14393900022855305,-2.474001317415409
0.1688250853646386,-0.1574583034804263,-2.4758905453367115
0.19622215238279989,-0.16883693811781428,-2.477415013623632
0.22056444531045852,-0.17847394569460642,-2.4782840623742506
0.24012504610433308,-0.18580677253431235,-2.47818094037849
0.2539668869636454,-0.19058394880494872,-2.4770178465653276
0.26345473744857634,-0.19337576455481123,-2.4749224123104603
0.27149241387026113,-0.19500902753953656,-2.4711128918456344
0.27361471413063415,-0.19497944206991422,-2.4688217538887796
0.2742222238074346,-0.19247048430338004,-2.4614987503236714
0.27163360657536434,-0.18948595920956957,-2.4564444424553376
0.26814762348815235,-0.18681796464716224,-2.453362303505443
0.2527736313296818,-0.17556090197248073,-2.44294459712429
0.24451473472848284,-0.16952080494983252,-2.438256932914393
0.24451473472848284,-0.16952080494983252,-2.438256932914393
0.21644089304368563,-0.14874486671634152,-2.424944728864139
0.2075751930294897,-0.14219352624767495,-2.422229399687809
0.19342091105666032,-0.13159574116625844,-2.418451491914656
0.1739151919039938,-0.11679646858906621,-2.414104255957249
0.16425703307473855,-0.10942017108222618,-2.412497255198238
0.15070750694908291,-0.09902538497334158,-2.410694322673455
0.1372407928882727,-0.08869858320176817,-2.409434535131367
0.12380205981766801,-0.07843270751834394,-2.4086551270451255
0.11071296927819901,-0.06847992834853034,-2.4083685063696807
0.09709401969559703,-0.058202256563272825,-2.408516481939992
0.0854199956558653,-0.04948397197767056,-2.4090259541641172
0.07358593505451244,-0.040724713065895715,-2.4098614391356006
0.06226295071106227,-0.0324118173598048,-2.410934487240077
0.0562957332641839,-0.028077787623048116,-2.4116178616807264
0.03996076747139343,-0.016341112339249658,-2.413848015400805
0.029991699082056966,-0.009328666979423963,-2.41545767526815
0.020007890710597,-0.002442776679799869,-2.417272211505417
0.01089981293856185,0.0037149922992951393,-2.419081751735746
0.0019289740428668164,0.009659476669977997,-2.4209854860902755
-0.006366155220273298,0.015036005676319809,-2.422884518585062
-0.013706892875085105,0.01969891197255387,-2.4246556823492957
-0.021333678609091418,0.02446558489760258,-2.426594737510766
-0.027756709732440515,0.02842784568548758,-2.428330862359201
-0.03399786666595254,0.03220469384159022,-2.4301086353970387
-0.03947855017950436,0.03544801152275741,-2.431740063641325
-0.04492945248814618,0.038588612932107275,-2.433438988267551
-0.04942977488892767,0.04111445607665763,-2.4349067377137437
-0.05403988832294153,0.04362677420983685,-2.4365075444487836
-0.05787599811712763,0.045651809870923786,-2.4379258989295236
-0.06133742623057925,0.04738858461930077,-2.4392985667054727
-0.06423668721008315,0.048742126757691615,-2.44052810594821
-0.06661915008211437,0.049778737846635536,-2.4416470003147337
-0.06870803424538026,0.05058354559320513,-2.4427555225532265
-0.07056478834087022,0.05119776402395867,-2.4438857779478766
-0.07211698617836428,0.051553149954994805,-2.4450388753745393
-0.07296993611059548,0.05162528328931588,-2.4458477867163806
-0.07356722858763795,0.051446700688444,-2.446747172399386
-0.07380345096725116,0.051060790205044074,-2.4475543352320805
-0.07369505961392796,0.05044534899902425,-2.4483510757280724
-0.07331524930913075,0.04965877744554815,-2.449120687767919
-0.07253857692146735,0.048541152159262815,-2.4499489307008457
-0.07158210735095989,0.0474699419047593,-2.450605123421967
-0.07054212541362355,0.04641773382824541,-2.451161432725745
-0.06904738508687921,0.04502025988760995,-2.451821794031547
-0.06740214444320394,0.04354918553691686,-2.452450680433338
-0.06524812844362936,0.04169910333758392,-2.453183442902622
-0.06349477548698416,0.04024352993131141,-2.4537224762158925
-0.061189256033446125,0.038380216039867084,-2.4543718120587648
-0.05881483099628995,0.03652090635211767,-2.4550211001336066
-0.05644457775972718,0.03468496949864957,-2.455626399259869
-0.05356616318471558,0.03247575989456239,-2.4563503709486327
-0.05190466448005121,0.03122631445638406,-2.456761478143972
-0.04810097098905659,0.028448876933036157,-2.4576721973764597
-0.04480162249018927,0.026125030744677615,-2.4584275017777704
-0.044015779002964286,0.025570468459102488,-2.4586121580477163
-0.039058445553612216,0.02211539952875953,-2.459748420237853
-0.03611449790735124,0.020083367872124593,-2.460429934615768
-0.03497770328534047,0.019322326478732787,-2.460689153892594
-0.03344850344992904,0.01829835088294493,-2.461044021789188
-0.028770086751198673,0.015199416218483907,-2.462113468389747
-0.024906065371932497,0.012681365016878636,-2.463043444506716
-0.02397511024973502,0.01208135847939973,-2.4632788483825023
-0.019663911186199028,0.009308253943539053,-2.4643169004320025
-0.017218162298689107,0.0077482462678549885,-2.464913372746791
-0.01274322344975191,0.00491538411214627,-2.466028952889959
-0.011553287902899322,0.004170056400208065,-2.4663344749774385
-0.011553287902899322,0.004170056400208065,-2.4663344749774385
-0.006530673790965279,0.0010315397522558392,-2.4676563552148973
-0.004053147066457997,-0.0004990177157709883,-2.468366371462595
-0.002934637867318996,-0.001179243309701377,-2.4686919408452006
-0.00031176853503784414,-0.0027854021045070365,-2.469478767150761
0.001637294643153876,-0.00396458049526504,-2.470049479066447
0.0033222915775703607,-0.004978763402944059,-2.4705508153266056
0.005344085138180384,-0.006200642732372941,-2.4711676452442517
0.007501459049220465,-0.0074970388968158795,-2.4718556660109496
0.008709656260880366,-0.008208124776736212,-2.472268557904423
0.010193585677464543,-0.009052289064718166,-2.4727997005810214
0.011747224252551414,-0.00989771240914223,-2.4733933950647033
0.012956413929743428,-0.010542993988317963,-2.4738997346790317
0.014105935543945737,-0.011138174076891941,-2.474436135270025
0.015058623608863451,-0.01161626252322805,-2.4749265982678135
0.0158311030306136,-0.011978403262174508,-2.4753698468156102
0.016544372374631498,-0.01228844850353244,-2.4758391268018647
0.01711984046869433,-0.01251374036068579,-2.4762904776493553
0.0175865564823567,-0.012684939961664204,-2.476726643014054
0.01796006916204018,-0.012801141173681729,-2.477171661239893
0.01821586210349166,-0.012822253237922255,-2.477585692746104
0.018412167457798986,-0.01276011151827404,-2.478017736032574
0.0185126709823207,-0.012654879174637252,-2.4783932974460745
0.018526479369378818,-0.012499055741892365,-2.4787808214844946
0.018451679105175325,-0.012296439371044486,-2.479145780017696
0.01832609256169224,-0.012071273483493692,-2.479494919633234
0.0181225665808162,-0.011767949211884687,-2.479873087464582
0.01789182465282249,-0.011476216665982558,-2.480217988335784
0.017546891403890118,-0.011084712201109305,-2.480596045049372
0.017185817433205214,-0.01073248027062327,-2.480928966634566
0.01677872549032992,-0.010359014713141707,-2.481252406645557
0.016320095252061618,-0.009965516324927128,-2.4815555082891145
0.015767613646264892,-0.009515551317018176,-2.481890837678911
0.015126733810746171,-0.009010847197571037,-2.4822397562015097
0.014533531069867288,-0.008561759951048407,-2.4825360846049893
0.013926217823639363,-0.00813224638279658,-2.482814646830952
0.013211912360783857,-0.007637363415053834,-2.483127640242773
0.012527117989089877,-0.007183840830906513,-2.4834129166196477
0.011658377873066516,-0.006621011625724425,-2.4837539955580503
0.011295105800016704,-0.006385766437937142,-2.4838863043896926
0.010579468166301363,-0.005927973232687767,-2.484157493129172
0.009487661381091396,-0.005224981534342651,-2.484565164200838
0.008828542080605385,-0.00480484045359343,-2.4848077585849295
0.00805671229729445,-0.004310156309909299,-2.485091411078009
0.007359256865118805,-0.0038769606166065324,-2.485353481079078
0.006657153496386305,-0.0034301937265074542,-2.485613060652617
0.005980095520925634,-0.0029836274512346148,-2.4858697656454
0.00521922012081462,-0.0024821929746154446,-2.486157312932857
0.004571935109167743,-0.0020545840353616168,-2.4863993491487144
0.004009541404685093,-0.0016938424605903593,-2.4866186544505666
0.003309191845570785,-0.001278868868242298,-2.486887224062523
0.0027152103707964617,-0.0009539538224413234,-2.4870962089402324
0.0021056383435773523,-0.0006438912681541516,-2.487311351015598
0.0014859056186606082,-0.00031969888220693005,-2.4875494432069267
0.0009003814236031544,-2.0343705443538557e-05,-2.4877713522668636
0.0005723096556561652,0.00014854686058730983,-2.487900695640911
-0.00018987082775188182,0.0005635279535869073,-2.4881978738444754
-0.0006545499717662408,0.0008281373014474608,-2.4883997834743026
-0.0010828696820192978,0.0010773705879233433,-2.4886004995698814
-0.0014977978391927135,0.0013252821420769046,-2.4888153774990034
-0.0018624595740286873,0.0015472930784667417,-2.4889971340265986
-0.002183473805205446,0.0017550850963918257,-2.4891840196170176
-0.002508948120098665,0.0019629881870473842,-2.4893844635071845
-0.0027633447706209434,0.0021281819508329964,-2.489558874883272
-0.003006678937329918,0.0022617078500993724,-2.489724959910894
-0.00312593722226725,0.002330862297797985,-2.4898152342070627
-0.0033426514766672732,0.002443272210215019,-2.489979847054802
-0.0036271165986138925,0.002586844530305881,-2.4902232975987264
-0.0037382518552359365,0.0026474072664776443,-2.490313501416102
-0.003936784914955512,0.002740508987281863,-2.4905112937148797
-0.004071877188714615,0.0027884682186569906,-2.4906821486684265
-0.004071877188714615,0.0027884682186569906,-2.4906821486684265
-0.0041392319901338084,0.00281032272352374,-2.491000773299925
-0.004105886676485518,0.0028143501736261588,-2.491147660845412
-0.004068878433561139,0.002803552587340435,-2.4912985917066415
-0.004046196245362671,0.002784020265470219,-2.491389556821134
-0.004019997506849292,0.0027412375189976666,-2.4915387022688433
-0.004019997506849292,0.0027412375189976666,-2.4915387022688433
-0.003972616138002533,0.002620533912602698,-2.491817133938009
-0.003947982853691736,0.0025166036586693166,-2.4919847959409576
-0.003932132461711151,0.0024535411704025923,-2.492063261230107
